{
    "optuna_test_loss": 0.0031195180490612984,
    "optuna_test_accuracy": 0.9996172785758972
}