{
    "loss": 5.760680198669434,
    "accuracy": 0.4844587445259094
}