{
    "loss": 6.8586626052856445,
    "accuracy": 0.6152197122573853
}