{
    "loss": 3.193636178970337,
    "accuracy": 0.6146838068962097
}